Date,State,Price,PrevMonthPrice,PrevYearPrice,ChangePrevMonth,ChangePrevYear
2020-01-01,Andhra Pradesh,4259.0,4394.0,4338.0,-3.072371415566682,-1.8211157215306595
2020-01-01,Chattisgarh,4919.0,4820.0,3775.0,2.0539419087136928,30.304635761589406
2020-01-01,Gujarat,4774.0,4537.0,4067.0,5.223716111968261,17.38382099827883
2020-01-01,Karnataka,4523.0,4220.0,4411.0,7.180094786729859,2.539106778508275
2020-01-01,Madhya Pradesh,4238.0,3914.0,3723.0,8.277976494634645,13.832930432446952
2020-01-01,Maharashtra,4420.0,4613.0,4548.0,-4.183828311294169,-2.8144239226033423
2020-01-01,Manipur,4540.0,4473.0,4338.0,1.4978761457634697,4.6565237436606735
2020-01-01,Nagaland,4540.0,4473.0,4338.0,1.4978761457634697,4.6565237436606735
2020-01-01,Rajasthan,4540.0,4473.0,3864.0,1.4978761457634697,17.494824016563147
2020-01-01,Tamil Nadu,5915.0,5504.0,6221.0,7.467296511627906,-4.918823340298988
2020-01-01,Telangana,4953.0,4392.0,4206.0,12.773224043715848,17.76034236804565
2020-01-01,Uttar Pradesh,4475.0,3992.0,4438.0,12.099198396793586,0.8337088778729157
2020-01-01,Uttrakhand,5247.0,5417.0,4900.0,-3.1382684142514305,7.081632653061225
2020-02-01,Andhra Pradesh,4664.0,4259.0,4379.0,9.509274477576895,6.508335236355332
2020-02-01,Chattisgarh,5034.0,4919.0,4076.0,2.3378735515348645,23.503434739941117
2020-02-01,Gujarat,4934.0,4774.0,4106.0,3.3514872224549643,20.1656113005358
2020-02-01,Karnataka,5266.0,4523.0,4634.0,16.427150121600707,13.638325420802763
2020-02-01,Madhya Pradesh,4221.0,4238.0,3622.0,-0.4011326097215668,16.537824406405303
2020-02-01,Maharashtra,4535.0,4420.0,4317.0,2.6018099547511313,5.049803104007412
2020-02-01,Manipur,4934.0,4540.0,4234.0,8.678414096916299,16.532829475673122
2020-02-01,Nagaland,4934.0,4540.0,4234.0,8.678414096916299,16.532829475673122
2020-02-01,Rajasthan,4465.0,4540.0,3965.0,-1.6519823788546255,12.610340479192939
2020-02-01,Tamil Nadu,6301.0,5915.0,6557.0,6.525781910397295,-3.9042244929083427
2020-02-01,Telangana,5291.0,4953.0,4291.0,6.824146981627297,23.30459100442787
2020-02-01,Uttar Pradesh,4671.0,4475.0,4177.0,4.379888268156424,11.8266698587503
2020-02-01,Uttrakhand,8000.0,5247.0,4234.0,52.46807699637889,88.9466225791214
2020-03-01,Andhra Pradesh,5082.0,4664.0,4286.0,8.962264150943396,18.572095193653755
2020-03-01,Chattisgarh,3986.0,5034.0,4302.0,-20.81843464441796,-7.345420734542074
2020-03-01,Gujarat,5296.0,4934.0,4157.0,7.336846372111877,27.399566995429396
2020-03-01,Karnataka,5585.0,5266.0,4449.0,6.057728826433726,25.53382782647786
2020-03-01,Madhya Pradesh,4412.0,4221.0,3793.0,4.524994077232884,16.31953598734511
2020-03-01,Maharashtra,5298.0,4535.0,4910.0,16.824696802646084,7.902240325865581
2020-03-01,Manipur,5082.0,4934.0,4221.5,2.9995946493717067,20.38374985194836
2020-03-01,Nagaland,5082.0,4934.0,4221.5,2.9995946493717067,20.38374985194836
2020-03-01,Rajasthan,4350.0,4465.0,3901.0,-2.57558790593505,11.509869264291208
2020-03-01,Tamil Nadu,6788.0,6301.0,6277.0,7.728931915568957,8.140831607455791
2020-03-01,Telangana,5082.0,5291.0,4126.0,-3.9501039501039505,23.17014057198255
2020-03-01,Uttar Pradesh,4771.0,4671.0,3931.0,2.1408691928923145,21.36860849656576
2020-03-01,Uttrakhand,5082.0,8000.0,4221.5,-36.475,20.38374985194836
2020-04-01,Andhra Pradesh,3619.0,3536.5,3608.5,2.332814930015552,0.2909796314258002
2020-04-01,Chattisgarh,3444.0,3413.0,3535.0,0.9082918253735717,-2.5742574257425743
2020-04-01,Gujarat,3829.0,3615.0,3702.0,5.919778699861687,3.430578065910319
2020-04-01,Karnataka,3668.0,3465.0,3592.0,5.858585858585859,2.1158129175946545
2020-04-01,Madhya Pradesh,3388.0,3515.0,3570.0,-3.613086770981508,-5.098039215686274
2020-04-01,Maharashtra,3619.0,3558.0,3608.0,1.7144463181562677,0.3048780487804878
2020-04-01,Manipur,3619.0,3536.5,3608.5,2.332814930015552,0.2909796314258002
2020-04-01,Nagaland,3619.0,3536.5,3608.5,2.332814930015552,0.2909796314258002
2020-04-01,Rajasthan,2835.0,3566.0,3657.0,-20.49915872125631,-22.47744052502051
2020-04-01,Tamil Nadu,3619.0,3536.5,3608.5,2.332814930015552,0.2909796314258002
2020-04-01,Telangana,3619.0,3338.0,3609.0,8.418214499700419,0.2770850651149903
2020-04-01,Uttar Pradesh,5260.0,4562.0,4415.0,15.300306882946076,19.13929784824462
2020-04-01,Uttrakhand,3619.0,3536.5,3608.5,2.332814930015552,0.2909796314258002
2020-05-01,Andhra Pradesh,5169.0,4889.5,5044.0,5.716330913181307,2.478191911181602
2020-05-01,Chattisgarh,3565.0,4241.0,3565.0,-15.93963687809479,0.0
2020-05-01,Gujarat,5807.0,5842.0,4737.0,-0.5991098938719617,22.588135951023855
2020-05-01,Karnataka,5000.0,5161.0,5070.0,-3.119550474714203,-1.3806706114398422
2020-05-01,Madhya Pradesh,4818.0,4889.5,4508.0,-1.4623172103487065,6.876663708961845
2020-05-01,Maharashtra,4401.0,4497.0,4956.0,-2.1347565043362238,-11.198547215496369
2020-05-01,Manipur,4924.0,4889.5,4790.5,0.7055936189794457,2.7867654733326375
2020-05-01,Nagaland,4924.0,4889.5,4790.5,0.7055936189794457,2.7867654733326375
2020-05-01,Rajasthan,4600.0,4620.0,4465.0,-0.4329004329004329,3.0235162374020157
2020-05-01,Tamil Nadu,6923.0,7270.0,6065.0,-4.773039889958734,14.14674361088211
2020-05-01,Telangana,5307.0,4953.0,4844.0,7.147183525136282,9.558216350123864
2020-05-01,Uttar Pradesh,4848.0,4826.0,4175.0,0.45586406962287607,16.11976047904192
2020-05-01,Uttrakhand,4924.0,4889.5,4790.5,0.7055936189794457,2.7867654733326375
2020-06-01,Andhra Pradesh,4997.0,5169.0,5117.0,-3.327529502805185,-2.345124096150088
2020-06-01,Chattisgarh,4022.0,3565.0,3784.0,12.819074333800842,6.289640591966174
2020-06-01,Gujarat,5597.0,5807.0,5300.0,-3.61632512484932,5.60377358490566
2020-06-01,Karnataka,5311.0,5000.0,5141.0,6.22,3.3067496595993
2020-06-01,Madhya Pradesh,4636.0,4818.0,3850.0,-3.7775010377750107,20.415584415584416
2020-06-01,Maharashtra,4684.0,4401.0,5108.0,6.430356737105203,-8.300704776820673
2020-06-01,Manipur,4761.0,4924.0,4947.0,-3.3103168155970755,-3.759854457246816
2020-06-01,Nagaland,4761.0,4924.0,4947.0,-3.3103168155970755,-3.759854457246816
2020-06-01,Rajasthan,4349.0,4600.0,4031.0,-5.456521739130435,7.888861324733316
2020-06-01,Tamil Nadu,7132.0,6923.0,6645.0,3.018922432471472,7.328818660647103
2020-06-01,Telangana,4517.0,5307.0,4786.0,-14.88599962313925,-5.62055996656916
2020-06-01,Uttar Pradesh,4838.0,4848.0,4751.0,-0.20627062706270624,1.8311934329614816
2020-06-01,Uttrakhand,4761.0,4924.0,4947.0,-3.3103168155970755,-3.759854457246816
2020-07-01,Andhra Pradesh,4925.0,4997.0,5759.0,-1.4408645187112268,-14.481680847369335
2020-07-01,Chattisgarh,4759.0,4022.0,4389.0,18.32421680755843,8.430166324903167
2020-07-01,Gujarat,5532.0,5597.0,5348.0,-1.1613364302304805,3.4405385190725504
2020-07-01,Karnataka,5536.0,5311.0,5080.0,4.236490303144417,8.976377952755906
2020-07-01,Madhya Pradesh,4925.0,4636.0,4523.0,6.233822260569457,8.887906256909131
2020-07-01,Maharashtra,5070.0,4684.0,5391.0,8.240819812126388,-5.954368391764051
2020-07-01,Manipur,4925.0,4761.0,4959.5,3.444654484352027,-0.695634640588769
2020-07-01,Nagaland,4925.0,4761.0,4959.5,3.444654484352027,-0.695634640588769
2020-07-01,Rajasthan,3874.0,4349.0,4639.0,-10.92205104621752,-16.490622979090322
2020-07-01,Tamil Nadu,7467.0,7132.0,7293.0,4.697139652271452,2.385849444672974
2020-07-01,Telangana,4210.0,4517.0,4300.0,-6.796546380340934,-2.0930232558139537
2020-07-01,Uttar Pradesh,4743.0,4838.0,4839.0,-1.9636213311285657,-1.9838809671419715
2020-07-01,Uttrakhand,4925.0,4761.0,4959.5,3.444654484352027,-0.695634640588769
2020-08-01,Andhra Pradesh,4253.0,4925.0,5990.0,-13.64467005076142,-28.998330550918194
2020-08-01,Chattisgarh,5091.0,4759.0,4571.0,6.976255515864678,11.37606650623496
2020-08-01,Gujarat,5142.0,5532.0,5228.0,-7.049891540130152,-1.6449885233358836
2020-08-01,Karnataka,4808.0,5536.0,5565.0,-13.150289017341041,-13.602875112309073
2020-08-01,Madhya Pradesh,4808.0,4925.0,5041.0,-2.3756345177664975,-4.622098789922634
2020-08-01,Maharashtra,5076.0,5070.0,5294.0,0.1183431952662722,-4.117869285984133
2020-08-01,Manipur,4808.0,4925.0,5134.5,-2.3756345177664975,-6.358944395754211
2020-08-01,Nagaland,4808.0,4925.0,5134.5,-2.3756345177664975,-6.358944395754211
2020-08-01,Rajasthan,4073.0,3874.0,4531.0,5.136809499225606,-10.108143897594351
2020-08-01,Tamil Nadu,6857.0,7467.0,8209.0,-8.169278157225124,-16.46972834693629
2020-08-01,Telangana,3794.0,4210.0,4781.0,-9.8812351543943,-20.644216691068813
2020-08-01,Uttar Pradesh,4692.0,4743.0,4807.0,-1.0752688172043012,-2.3923444976076556
2020-08-01,Uttrakhand,4808.0,4925.0,5134.5,-2.3756345177664975,-6.358944395754211
2020-09-01,Andhra Pradesh,4067.0,4253.0,6039.0,-4.373383494004232,-32.65441298228183
2020-09-01,Chattisgarh,2792.0,5091.0,3636.0,-45.15812217638971,-23.212321232123212
2020-09-01,Gujarat,4187.0,5142.0,5163.0,-18.572539867755737,-18.903738136742206
2020-09-01,Karnataka,3992.0,4808.0,5608.0,-16.97171381031614,-28.815977175463626
2020-09-01,Madhya Pradesh,2500.0,4808.0,4603.0,-48.00332778702163,-45.687595046708665
2020-09-01,Maharashtra,4265.0,5076.0,5539.0,-15.977147360126084,-23.000541614009748
2020-09-01,Manipur,4127.0,4808.0,5286.0,-14.16389351081531,-21.92584184638668
2020-09-01,Nagaland,4127.0,4808.0,5286.0,-14.16389351081531,-21.92584184638668
2020-09-01,Rajasthan,4405.0,4073.0,5088.0,8.151239872329977,-13.42374213836478
2020-09-01,Tamil Nadu,6204.0,6857.0,7733.0,-9.523115064897185,-19.7724039829303
2020-09-01,Telangana,3764.0,3794.0,5286.0,-0.790722192936215,-28.793038214150585
2020-09-01,Uttar Pradesh,4637.0,4692.0,4879.0,-1.1722080136402386,-4.960032793605247
2020-09-01,Uttrakhand,4127.0,4808.0,5723.0,-14.16389351081531,-27.88747160580115
2020-10-01,Andhra Pradesh,4017.0,4067.0,5594.0,-1.2294074256208507,-28.190918841616018
2020-10-01,Chattisgarh,3898.0,2792.0,3642.0,39.61318051575931,7.029104887424492
2020-10-01,Gujarat,4882.0,4187.0,4865.0,16.59899689515166,0.3494347379239465
2020-10-01,Karnataka,3982.0,3992.0,5273.0,-0.250501002004008,-24.483216385359377
2020-10-01,Madhya Pradesh,4222.0,2500.0,4014.0,68.88,5.181863477827604
2020-10-01,Maharashtra,5925.0,4265.0,5578.0,38.921453692848765,6.220867694514163
2020-10-01,Manipur,4132.5,4127.0,5025.0,0.1332687181972377,-17.761194029850746
2020-10-01,Nagaland,4132.5,4127.0,5025.0,0.1332687181972377,-17.761194029850746
2020-10-01,Rajasthan,4823.0,4405.0,4696.0,9.489216799091942,2.70442930153322
2020-10-01,Tamil Nadu,5733.0,6204.0,7209.0,-7.591876208897485,-20.474406991260924
2020-10-01,Telangana,3747.0,3764.0,5025.0,-0.45164718384697133,-25.432835820895523
2020-10-01,Uttar Pradesh,4043.0,4637.0,4118.0,-12.81000646970024,-1.8212724623603693
2020-10-01,Uttrakhand,4132.5,4127.0,5845.0,0.1332687181972377,-29.29854576561163
2020-11-01,Andhra Pradesh,4360.0,4017.0,4475.0,8.538710480458054,-2.569832402234637
2020-11-01,Chattisgarh,4798.0,3898.0,4717.0,23.088763468445357,1.7171931312274753
2020-11-01,Gujarat,4872.0,4882.0,4583.0,-0.20483408439164277,6.305913157320532
2020-11-01,Karnataka,4298.0,3982.0,4415.0,7.935710698141637,-2.6500566251415627
2020-11-01,Madhya Pradesh,4371.0,4222.0,3850.0,3.5291331122690663,13.532467532467532
2020-11-01,Maharashtra,4897.0,5925.0,4450.0,-17.350210970464136,10.04494382022472
2020-11-01,Manipur,4802.5,4132.5,4475.0,16.212946158499697,7.318435754189945
2020-11-01,Nagaland,4802.5,4132.5,4475.0,16.212946158499697,7.318435754189945
2020-11-01,Rajasthan,4807.0,4823.0,4392.0,-0.33174372797014307,9.448998178506375
2020-11-01,Tamil Nadu,6294.0,5733.0,5128.0,9.7854526425955,22.737909516380654
2020-11-01,Telangana,5003.0,3747.0,4582.0,33.520149452895645,9.188127455259712
2020-11-01,Uttar Pradesh,4048.0,4043.0,3843.0,0.12367054167697256,5.3343741868332035
2020-11-01,Uttrakhand,4802.5,4132.5,6020.0,16.212946158499697,-20.224252491694354
2020-12-01,Andhra Pradesh,4409.0,4360.0,4394.0,1.1238532110091743,0.34137460172963136
2020-12-01,Chattisgarh,4340.0,4798.0,4820.0,-9.545644018340974,-9.95850622406639
2020-12-01,Gujarat,4971.0,4872.0,4537.0,2.0320197044334973,9.565792373815295
2020-12-01,Karnataka,4560.0,4298.0,4220.0,6.095858538855282,8.056872037914692
2020-12-01,Madhya Pradesh,4544.0,4371.0,3914.0,3.957904369709449,16.096065406234032
2020-12-01,Maharashtra,4792.0,4897.0,4613.0,-2.144169899938738,3.8803381747236068
2020-12-01,Manipur,4560.0,4802.5,4473.0,-5.049453409682457,1.9450033534540576
2020-12-01,Nagaland,4560.0,4802.5,4473.0,-5.049453409682457,1.9450033534540576
2020-12-01,Rajasthan,4821.0,4807.0,4473.0,0.2912419388391928,7.7800134138162305
2020-12-01,Tamil Nadu,6761.0,6294.0,5504.0,7.419764855417858,22.83793604651163
2020-12-01,Telangana,4560.0,5003.0,4392.0,-8.854687187687388,3.825136612021858
2020-12-01,Uttar Pradesh,4188.0,4048.0,3992.0,3.458498023715415,4.909819639278557
2020-12-01,Uttrakhand,4560.0,4802.5,5417.0,-5.049453409682457,-15.820564888314564
2021-01-01,Andhra Pradesh,4962.0,4409.0,4259.0,12.542526650034022,16.506222117868045
2021-01-01,Chattisgarh,3925.0,4340.0,4919.0,-9.56221198156682,-20.207359219353528
2021-01-01,Gujarat,5204.0,4971.0,4774.0,4.687185676926172,9.007121910347717
2021-01-01,Karnataka,5218.0,4560.0,4523.0,14.429824561403509,15.365907583462304
2021-01-01,Madhya Pradesh,5032.0,4544.0,4238.0,10.73943661971831,18.735252477583767
2021-01-01,Maharashtra,4843.0,4792.0,4420.0,1.0642737896494159,9.570135746606335
2021-01-01,Manipur,5016.5,4560.0,4540.0,10.010964912280702,10.495594713656388
2021-01-01,Nagaland,5016.5,4560.0,4540.0,10.010964912280702,10.495594713656388
2021-01-01,Rajasthan,5001.0,4821.0,4540.0,3.7336652146857494,10.154185022026432
2021-01-01,Tamil Nadu,7313.0,6761.0,5915.0,8.164472711137407,23.63482671174979
2021-01-01,Telangana,6643.0,4560.0,4953.0,45.67982456140351,34.120734908136484
2021-01-01,Uttar Pradesh,4700.0,4188.0,4475.0,12.225405921680993,5.027932960893855
2021-01-01,Uttrakhand,5016.5,4560.0,5247.0,10.010964912280702,-4.392986468458167
2021-02-01,Andhra Pradesh,5561.0,4962.0,4664.0,12.071745264006449,19.232418524871356
2021-02-01,Chattisgarh,3975.0,3925.0,5034.0,1.2738853503184715,-21.03694874851013
2021-02-01,Gujarat,5435.0,5204.0,4934.0,4.438893159108378,10.15403323875152
2021-02-01,Karnataka,5865.0,5218.0,5266.0,12.399386738213874,11.374857576908468
2021-02-01,Madhya Pradesh,5105.0,5032.0,4221.0,1.4507154213036566,20.942904524994077
2021-02-01,Maharashtra,4978.0,4843.0,4535.0,2.7875283914928763,9.768467475192944
2021-02-01,Manipur,5254.0,5016.5,4934.0,4.73437655736071,6.4856100526955816
2021-02-01,Nagaland,5254.0,5016.5,4934.0,4.73437655736071,6.4856100526955816
2021-02-01,Rajasthan,5076.0,5001.0,4465.0,1.4997000599880024,13.684210526315791
2021-02-01,Tamil Nadu,7971.0,7313.0,6301.0,8.997675372624094,26.50372956673544
2021-02-01,Telangana,5254.0,6643.0,5291.0,-20.90922775854283,-0.6993006993006993
2021-02-01,Uttar Pradesh,5254.0,4700.0,4671.0,11.787234042553193,12.481267394562193
2021-02-01,Uttrakhand,5254.0,5016.5,8000.0,4.73437655736071,-34.325
2021-03-01,Andhra Pradesh,5930.0,5561.0,5082.0,6.635497212731522,16.68634395907123
2021-03-01,Chattisgarh,3816.0,3975.0,3986.0,-4.0,-4.264927245358756
2021-03-01,Gujarat,5611.0,5435.0,5296.0,3.238270469181233,5.947885196374622
2021-03-01,Karnataka,6035.0,5865.0,5585.0,2.898550724637681,8.057296329453894
2021-03-01,Madhya Pradesh,5116.0,5105.0,4412.0,0.21547502448579825,15.956482320942882
2021-03-01,Maharashtra,5044.0,4978.0,5298.0,1.3258336681398153,-4.794261985654964
2021-03-01,Manipur,5537.5,5254.0,5082.0,5.395888846593072,8.963006690279418
2021-03-01,Nagaland,5537.5,5254.0,5082.0,5.395888846593072,8.963006690279418
2021-03-01,Rajasthan,5464.0,5076.0,4350.0,7.64381402679275,25.60919540229885
2021-03-01,Tamil Nadu,8386.0,7971.0,6788.0,5.20637310249655,23.54154390100177
2021-03-01,Telangana,5688.0,5254.0,5082.0,8.260373049105443,11.92443919716647
2021-03-01,Uttar Pradesh,5410.0,5254.0,4771.0,2.9691663494480394,13.393418570530288
2021-03-01,Uttrakhand,5537.5,5254.0,5082.0,5.395888846593072,8.963006690279418
2021-04-01,Andhra Pradesh,5066.0,5930.0,4889.5,-14.569983136593592,3.6097760507209324
2021-04-01,Chattisgarh,5100.0,3816.0,4241.0,33.64779874213836,20.25465692053761
2021-04-01,Gujarat,5889.0,5611.0,5842.0,4.954553555515951,0.8045190003423485
2021-04-01,Karnataka,5295.0,6035.0,5161.0,-12.261806130903064,2.5963960472776595
2021-04-01,Madhya Pradesh,5500.0,5116.0,4889.5,7.505863956215794,12.4859392575928
2021-04-01,Maharashtra,4682.0,5044.0,4497.0,-7.1768437747819185,4.113853680231265
2021-04-01,Manipur,5413.0,5537.5,4889.5,-2.248306997742664,10.706616218427243
2021-04-01,Nagaland,5413.0,5537.5,4889.5,-2.248306997742664,10.706616218427243
2021-04-01,Rajasthan,6109.0,5464.0,4620.0,11.804538799414349,32.22943722943723
2021-04-01,Tamil Nadu,7887.0,8386.0,7270.0,-5.950393512997854,8.486932599724897
2021-04-01,Telangana,5561.0,5688.0,4953.0,-2.232770745428973,12.275388653341409
2021-04-01,Uttar Pradesh,5326.0,5410.0,4826.0,-1.5526802218114601,10.360547036883547
2021-04-01,Uttrakhand,5413.0,5537.5,4889.5,-2.248306997742664,10.706616218427243
2021-05-01,Andhra Pradesh,4903.0,5066.0,5169.0,-3.2175286221871295,-5.146063068291739
2021-05-01,Chattisgarh,5100.0,5100.0,3565.0,0.0,43.05750350631136
2021-05-01,Gujarat,5641.0,5889.0,5807.0,-4.211241297334013,-2.858618908214224
2021-05-01,Karnataka,5116.0,5295.0,5000.0,-3.3805476864966955,2.32
2021-05-01,Madhya Pradesh,4729.0,5500.0,4818.0,-14.01818181818182,-1.847239518472395
2021-05-01,Maharashtra,4888.0,4682.0,4401.0,4.399829132849209,11.065666893887753
2021-05-01,Manipur,5302.0,5413.0,4924.0,-2.0506188804729355,7.676685621445979
2021-05-01,Nagaland,5302.0,5413.0,4924.0,-2.0506188804729355,7.676685621445979
2021-05-01,Rajasthan,6095.0,6109.0,4600.0,-0.22917007693566865,32.5
2021-05-01,Tamil Nadu,8103.0,7887.0,6923.0,2.7386839102320275,17.044633829264768
2021-05-01,Telangana,5488.0,5561.0,5307.0,-1.3127135407300845,3.4105897870736763
2021-05-01,Uttar Pradesh,5583.0,5326.0,4848.0,4.825384904243334,15.16089108910891
2021-05-01,Uttrakhand,5302.0,5413.0,4924.0,-2.0506188804729355,7.676685621445979
2021-06-01,Andhra Pradesh,4615.0,4903.0,4997.0,-5.873954721599021,-7.6445867520512305
2021-06-01,Chattisgarh,3999.0,5100.0,4022.0,-21.58823529411765,-0.5718547986076579
2021-06-01,Gujarat,5462.0,5641.0,5597.0,-3.173196241801099,-2.412006432017152
2021-06-01,Karnataka,4826.0,5116.0,5311.0,-5.668491008600469,-9.13199020900019
2021-06-01,Madhya Pradesh,4721.0,4729.0,4636.0,-0.16916895749629943,1.8334771354616048
2021-06-01,Maharashtra,4603.0,4888.0,4684.0,-5.830605564648118,-1.7292912040990607
2021-06-01,Manipur,4783.5,5302.0,4761.0,-9.779328555262165,0.4725897920604915
2021-06-01,Nagaland,4783.5,5302.0,4761.0,-9.779328555262165,0.4725897920604915
2021-06-01,Rajasthan,5583.0,6095.0,4349.0,-8.400328137817883,28.37433892848931
2021-06-01,Tamil Nadu,8121.0,8103.0,7132.0,0.22213994816734545,13.867077958496916
2021-06-01,Telangana,5350.0,5488.0,4517.0,-2.5145772594752187,18.441443435908788
2021-06-01,Uttar Pradesh,4741.0,5583.0,4838.0,-15.081497402830019,-2.004960727573377
2021-06-01,Uttrakhand,4783.5,5302.0,4761.0,-9.779328555262165,0.4725897920604915
2021-07-01,Andhra Pradesh,4676.0,4615.0,4925.0,1.3217768147345612,-5.055837563451777
2021-07-01,Chattisgarh,4066.0,3999.0,4759.0,1.6754188547136784,-14.56188274847657
2021-07-01,Gujarat,5606.0,5462.0,5532.0,2.6363969242035887,1.3376717281272594
2021-07-01,Karnataka,4934.0,4826.0,5536.0,2.2378781599668462,-10.8742774566474
2021-07-01,Madhya Pradesh,4873.0,4721.0,4925.0,3.219656852361788,-1.0558375634517767
2021-07-01,Maharashtra,5043.0,4603.0,5070.0,9.558983271779274,-0.5325443786982248
2021-07-01,Manipur,4988.5,4783.5,4925.0,4.285564962893279,1.2893401015228427
2021-07-01,Nagaland,4988.5,4783.5,4925.0,4.285564962893279,1.2893401015228427
2021-07-01,Rajasthan,5329.0,5583.0,3874.0,-4.549525344796704,37.55807950438823
2021-07-01,Tamil Nadu,7759.0,8121.0,7467.0,-4.45757911587243,3.9105397080487476
2021-07-01,Telangana,5105.0,5350.0,4210.0,-4.579439252336448,21.258907363420427
2021-07-01,Uttar Pradesh,4613.0,4741.0,4743.0,-2.6998523518245094,-2.7408812987560616
2021-07-01,Uttrakhand,4988.5,4783.5,4925.0,4.285564962893279,1.2893401015228427
2021-08-01,Andhra Pradesh,5051.0,4676.0,4253.0,8.0196749358426,18.76322595814719
2021-08-01,Chattisgarh,5036.0,4066.0,5091.0,23.856369896704376,-1.0803378511098016
2021-08-01,Gujarat,6282.0,5606.0,5142.0,12.058508740635034,22.170361726954493
2021-08-01,Karnataka,5324.0,4934.0,4808.0,7.90433725172274,10.732113144758735
2021-08-01,Madhya Pradesh,5324.0,4873.0,4808.0,9.255079006772009,10.732113144758735
2021-08-01,Maharashtra,5234.0,5043.0,5076.0,3.787428118183621,3.1126871552403466
2021-08-01,Manipur,5324.0,4988.5,4808.0,6.725468577728775,10.732113144758735
2021-08-01,Nagaland,5324.0,4988.5,4808.0,6.725468577728775,10.732113144758735
2021-08-01,Rajasthan,5696.0,5329.0,4073.0,6.886845562019141,39.84777805057697
2021-08-01,Tamil Nadu,8401.0,7759.0,6857.0,8.274262147183915,22.517135773661952
2021-08-01,Telangana,5293.0,5105.0,3794.0,3.6826640548481877,39.50975224037955
2021-08-01,Uttar Pradesh,5416.0,4613.0,4692.0,17.40732711901149,15.430520034100597
2021-08-01,Uttrakhand,5324.0,4988.5,4808.0,6.725468577728775,10.732113144758735
2021-09-01,Andhra Pradesh,5315.0,5051.0,4067.0,5.226687784597109,30.686009343496433
2021-09-01,Chattisgarh,4167.0,5036.0,2792.0,-17.255758538522635,49.24785100286533
2021-09-01,Gujarat,5579.0,6282.0,4187.0,-11.190703597580388,33.24576068784332
2021-09-01,Karnataka,5268.0,5324.0,3992.0,-1.051840721262209,31.96392785571142
2021-09-01,Madhya Pradesh,5100.0,5324.0,2500.0,-4.207362885048836,104.0
2021-09-01,Maharashtra,5286.0,5234.0,4265.0,0.9935040122277417,23.939038686987104
2021-09-01,Manipur,5300.5,5324.0,4127.0,-0.4413974455296769,28.434698328083353
2021-09-01,Nagaland,5300.5,5324.0,4127.0,-0.4413974455296769,28.434698328083353
2021-09-01,Rajasthan,5652.0,5696.0,4405.0,-0.7724719101123595,28.308740068104427
2021-09-01,Tamil Nadu,8174.0,8401.0,6204.0,-2.7020592786573028,31.75370728562218
2021-09-01,Telangana,4775.0,5293.0,3764.0,-9.786510485546948,26.85972369819341
2021-09-01,Uttar Pradesh,5487.0,5416.0,4637.0,1.310930576070901,18.330817338796635
2021-09-01,Uttrakhand,5300.5,5324.0,4127.0,-0.4413974455296769,28.434698328083353
2021-10-01,Andhra Pradesh,5239.0,5315.0,4017.0,-1.429915333960489,30.42071197411003
2021-10-01,Chattisgarh,4047.0,4167.0,3898.0,-2.8797696184305255,3.822473063109287
2021-10-01,Gujarat,5492.0,5579.0,4882.0,-1.5594192507617852,12.49487914789021
2021-10-01,Karnataka,5321.0,5268.0,3982.0,1.006074411541382,33.62631843294827
2021-10-01,Madhya Pradesh,5174.0,5100.0,4222.0,1.4509803921568627,22.54855518711511
2021-10-01,Maharashtra,5651.0,5286.0,5925.0,6.90503216042376,-4.624472573839662
2021-10-01,Manipur,5345.0,5300.5,4132.5,0.8395434392981795,29.340592861464003
2021-10-01,Nagaland,5345.0,5300.5,4132.5,0.8395434392981795,29.340592861464003
2021-10-01,Rajasthan,5538.0,5652.0,4823.0,-2.0169851380042463,14.824797843665769
2021-10-01,Tamil Nadu,8311.0,8174.0,5733.0,1.6760459995106436,44.967730682016395
2021-10-01,Telangana,5315.0,4775.0,3747.0,11.30890052356021,41.8468107819589
2021-10-01,Uttar Pradesh,5369.0,5487.0,4043.0,-2.1505376344086025,32.79742765273312
2021-10-01,Uttrakhand,5345.0,5300.5,4132.5,0.8395434392981795,29.340592861464003
2021-11-01,Andhra Pradesh,5232.0,5239.0,4360.0,-0.13361328497804922,20.0
2021-11-01,Chattisgarh,4646.0,4047.0,4798.0,14.801087225105016,-3.1679866611087952
2021-11-01,Gujarat,5662.0,5492.0,4872.0,3.095411507647487,16.21510673234811
2021-11-01,Karnataka,5411.0,5321.0,4298.0,1.6914113888366846,25.895765472312704
2021-11-01,Madhya Pradesh,4916.0,5174.0,4371.0,-4.986470815616544,12.468542667581788
2021-11-01,Maharashtra,5679.0,5651.0,4897.0,0.4954875243319766,15.968960588115172
2021-11-01,Manipur,5403.0,5345.0,4802.5,1.0851262862488307,12.50390421655388
2021-11-01,Nagaland,5403.0,5345.0,4802.5,1.0851262862488307,12.50390421655388
2021-11-01,Rajasthan,5395.0,5538.0,4807.0,-2.5821596244131455,12.2321614312461
2021-11-01,Tamil Nadu,7074.0,8311.0,6294.0,-14.883888822043076,12.392755004766444
2021-11-01,Telangana,5689.0,5315.0,5003.0,7.036688617121355,13.711772936238257
2021-11-01,Uttar Pradesh,5007.0,5369.0,4048.0,-6.742410132240641,23.690711462450594
2021-11-01,Uttrakhand,5403.0,5345.0,4802.5,1.0851262862488307,12.50390421655388
2021-12-01,Andhra Pradesh,5066.0,5232.0,4409.0,-3.172782874617737,14.901338171921072
2021-12-01,Chattisgarh,4958.0,4646.0,4340.0,6.715454154111063,14.23963133640553
2021-12-01,Gujarat,5605.0,5662.0,4971.0,-1.006711409395973,12.753973043653188
2021-12-01,Karnataka,5706.0,5411.0,4560.0,5.4518573276658655,25.13157894736842
2021-12-01,Madhya Pradesh,4885.0,4916.0,4544.0,-0.6305939788445891,7.504401408450705
2021-12-01,Maharashtra,6207.0,5679.0,4792.0,9.297411516111993,29.52838063439065
2021-12-01,Manipur,5413.5,5403.0,4560.0,0.1943364797334814,18.717105263157897
2021-12-01,Nagaland,5413.5,5403.0,4560.0,0.1943364797334814,18.717105263157897
2021-12-01,Rajasthan,5222.0,5395.0,4821.0,-3.206672845227062,8.317776394938809
2021-12-01,Tamil Nadu,7853.0,7074.0,6761.0,11.012157195363303,16.151456885076172
2021-12-01,Telangana,6646.0,5689.0,4560.0,16.82193707154157,45.74561403508772
2021-12-01,Uttar Pradesh,5136.0,5007.0,4188.0,2.5763930497303775,22.636103151862464
2021-12-01,Uttrakhand,5413.5,5403.0,4560.0,0.1943364797334814,18.717105263157897
2022-01-01,Andhra Pradesh,5316.0,5066.0,4962.0,4.93485984998026,7.134220072551391
2022-01-01,Chattisgarh,5303.0,4958.0,3925.0,6.958450988301735,35.10828025477707
2022-01-01,Gujarat,5482.0,5605.0,5204.0,-2.194469223907226,5.342044581091468
2022-01-01,Karnataka,6027.0,5706.0,5218.0,5.625657202944269,15.504024530471444
2022-01-01,Madhya Pradesh,4657.0,4885.0,5032.0,-4.667349027635619,-7.452305246422894
2022-01-01,Maharashtra,5635.0,6207.0,4843.0,-9.215401965522798,16.35349989675821
2022-01-01,Manipur,5399.0,5413.5,5016.5,-0.267848896277824,7.624838034486195
2022-01-01,Nagaland,5399.0,5413.5,5016.5,-0.267848896277824,7.624838034486195
2022-01-01,Rajasthan,5142.0,5222.0,5001.0,-1.5319800842589046,2.8194361127774443
2022-01-01,Tamil Nadu,8084.0,7853.0,7313.0,2.9415509996179803,10.542868863667442
2022-01-01,Telangana,6280.0,6646.0,6643.0,-5.50707192296118,-5.464398615083547
2022-01-01,Uttar Pradesh,5207.0,5136.0,4700.0,1.382398753894081,10.787234042553191
2022-01-01,Uttrakhand,5399.0,5413.5,5016.5,-0.267848896277824,7.624838034486195
2022-02-01,Andhra Pradesh,5256.0,5316.0,5561.0,-1.1286681715575622,-5.484625067433915
2022-02-01,Chattisgarh,4132.0,5303.0,3975.0,-22.081840467659816,3.949685534591195
2022-02-01,Gujarat,5369.0,5482.0,5435.0,-2.0612914994527545,-1.2143514259429622
2022-02-01,Karnataka,5816.0,6027.0,5865.0,-3.50091256014601,-0.8354646206308611
2022-02-01,Madhya Pradesh,4649.0,4657.0,5105.0,-0.17178441056474125,-8.932419196865817
2022-02-01,Maharashtra,5443.0,5635.0,4978.0,-3.4072759538598048,9.341100843712335
2022-02-01,Manipur,5312.5,5399.0,5254.0,-1.6021485460270422,1.1134373810430147
2022-02-01,Nagaland,5312.5,5399.0,5254.0,-1.6021485460270422,1.1134373810430147
2022-02-01,Rajasthan,5195.0,5142.0,5076.0,1.03072734344613,2.3443656422379826
2022-02-01,Tamil Nadu,8144.0,8084.0,7971.0,0.7422068283028204,2.170367582486514
2022-02-01,Telangana,6050.0,6280.0,5254.0,-3.662420382165605,15.150361629234869
2022-02-01,Uttar Pradesh,5099.0,5207.0,5254.0,-2.0741309775302477,-2.9501332318233726
2022-02-01,Uttrakhand,5312.5,5399.0,5254.0,-1.6021485460270422,1.1134373810430147
2022-03-01,Andhra Pradesh,5436.0,5256.0,5930.0,3.4246575342465753,-8.330522765598651
2022-03-01,Chattisgarh,4080.0,4132.0,3816.0,-1.2584704743465636,6.918238993710692
2022-03-01,Gujarat,6018.0,5369.0,5611.0,12.087912087912088,7.253608982356086
2022-03-01,Karnataka,5961.0,5816.0,6035.0,2.4931224209078406,-1.2261806130903066
2022-03-01,Madhya Pradesh,4916.0,4649.0,5116.0,5.743170574317057,-3.9093041438623923
2022-03-01,Maharashtra,5581.0,5443.0,5044.0,2.5353665258129707,10.646312450436161
2022-03-01,Manipur,5611.0,5312.5,5537.5,5.618823529411765,1.327313769751693
2022-03-01,Nagaland,5611.0,5312.5,5537.5,5.618823529411765,1.327313769751693
2022-03-01,Rajasthan,5641.0,5195.0,5464.0,8.585178055822906,3.2393850658857977
2022-03-01,Tamil Nadu,8769.0,8144.0,8386.0,7.674361493123773,4.567135702361078
2022-03-01,Telangana,6012.0,6050.0,5688.0,-0.628099173553719,5.69620253164557
2022-03-01,Uttar Pradesh,5258.0,5099.0,5410.0,3.118258482055305,-2.809611829944547
2022-03-01,Uttrakhand,5611.0,5312.5,5537.5,5.618823529411765,1.327313769751693
2022-04-01,Andhra Pradesh,5295.0,5436.0,5066.0,-2.5938189845474615,4.520331622581919
2022-04-01,Chattisgarh,4767.0,4080.0,5100.0,16.83823529411765,-6.529411764705882
2022-04-01,Gujarat,6185.0,6018.0,5889.0,2.775008308408109,5.0263202581083375
2022-04-01,Karnataka,5664.0,5961.0,5295.0,-4.98238550578762,6.968838526912181
2022-04-01,Madhya Pradesh,4819.0,4916.0,5500.0,-1.9731489015459722,-12.381818181818181
2022-04-01,Maharashtra,5309.0,5581.0,4682.0,-4.873678552230783,13.391712943186674
2022-04-01,Manipur,5401.5,5611.0,5413.0,-3.733737301728747,-0.21245150563458343
2022-04-01,Nagaland,5401.5,5611.0,5413.0,-3.733737301728747,-0.21245150563458343
2022-04-01,Rajasthan,5828.0,5641.0,6109.0,3.31501506825031,-4.599770829923065
2022-04-01,Tamil Nadu,8099.0,8769.0,7887.0,-7.640551944349412,2.687967541524027
2022-04-01,Telangana,5494.0,6012.0,5561.0,-8.616101131071192,-1.2048192771084338
2022-04-01,Uttar Pradesh,5296.0,5258.0,5326.0,0.7227082540890073,-0.5632745024408562
2022-04-01,Uttrakhand,5401.5,5611.0,5413.0,-3.733737301728747,-0.21245150563458343
2022-05-01,Andhra Pradesh,5344.0,5295.0,4903.0,0.9254013220018885,8.994493167448502
2022-05-01,Chattisgarh,3717.0,4767.0,5100.0,-22.026431718061673,-27.11764705882353
2022-05-01,Gujarat,6164.0,6185.0,5641.0,-0.3395311236863379,9.271405779117178
2022-05-01,Karnataka,5485.0,5664.0,5116.0,-3.1603107344632764,7.212666145426113
2022-05-01,Madhya Pradesh,4788.0,4819.0,4729.0,-0.6432869890018675,1.2476210615352084
2022-05-01,Maharashtra,5271.0,5309.0,4888.0,-0.7157656809191938,7.835515548281506
2022-05-01,Manipur,5414.5,5401.5,5302.0,0.24067388688327318,2.121840814786873
2022-05-01,Nagaland,5414.5,5401.5,5302.0,0.24067388688327318,2.121840814786873
2022-05-01,Rajasthan,5623.0,5828.0,6095.0,-3.517501715854496,-7.744052502050862
2022-05-01,Tamil Nadu,7186.0,8099.0,8103.0,-11.272996666255093,-11.316796248303097
2022-05-01,Telangana,5552.0,5494.0,5488.0,1.0556971241354205,1.1661807580174928
2022-05-01,Uttar Pradesh,5259.0,5296.0,5583.0,-0.6986404833836858,-5.803331542181623
2022-05-01,Uttrakhand,5414.5,5401.5,5302.0,0.24067388688327318,2.121840814786873
2022-06-01,Andhra Pradesh,5485.0,5344.0,4615.0,2.6384730538922154,18.85157096424702
2022-06-01,Chattisgarh,3899.0,3717.0,3999.0,4.8964218455743875,-2.5006251562890722
2022-06-01,Gujarat,6287.0,6164.0,5462.0,1.9954574951330306,15.104357378249725
2022-06-01,Karnataka,5358.0,5485.0,4826.0,-2.315405651777575,11.023622047244094
2022-06-01,Madhya Pradesh,4850.0,4788.0,4721.0,1.2949039264828737,2.732471933912307
2022-06-01,Maharashtra,5423.0,5271.0,4603.0,2.8837032821096567,17.814468824679558
2022-06-01,Manipur,5390.5,5414.5,4783.5,-0.44325422476682985,12.689453329152295
2022-06-01,Nagaland,5390.5,5414.5,4783.5,-0.44325422476682985,12.689453329152295
2022-06-01,Rajasthan,5246.0,5623.0,5583.0,-6.704606082162547,-6.036181264553107
2022-06-01,Tamil Nadu,8035.0,7186.0,8121.0,11.81463957695519,-1.0589828838812954
2022-06-01,Telangana,5167.0,5552.0,5350.0,-6.934438040345821,-3.4205607476635516
2022-06-01,Uttar Pradesh,5542.0,5259.0,4741.0,5.381251188438867,16.895169795401813
2022-06-01,Uttrakhand,5390.5,5414.5,4783.5,-0.44325422476682985,12.689453329152295
2022-07-01,Andhra Pradesh,5848.0,5485.0,4676.0,6.618049225159527,25.064157399486742
2022-07-01,Chattisgarh,4053.0,3899.0,4066.0,3.949730700179533,-0.31972454500737824
2022-07-01,Gujarat,6205.0,6287.0,5606.0,-1.30427867027199,10.68498037816625
2022-07-01,Karnataka,5657.0,5358.0,4934.0,5.580440462859276,14.65342521280908
2022-07-01,Madhya Pradesh,4922.0,4850.0,4873.0,1.4845360824742269,1.0055407346603733
2022-07-01,Maharashtra,6160.0,5423.0,5043.0,13.590263691683571,22.14951417806861
2022-07-01,Manipur,5500.5,5390.5,4988.5,2.0406270290325574,10.263606294477299
2022-07-01,Nagaland,5500.5,5390.5,4988.5,2.0406270290325574,10.263606294477299
2022-07-01,Rajasthan,5225.0,5246.0,5329.0,-0.4003049942813572,-1.9515856633514732
2022-07-01,Tamil Nadu,8601.0,8035.0,7759.0,7.044181705040447,10.85191390643124
2022-07-01,Telangana,5233.0,5167.0,5105.0,1.2773369460034836,2.5073457394711065
2022-07-01,Uttar Pradesh,5344.0,5542.0,4613.0,-3.5727174305304943,15.846520702362888
2022-07-01,Uttrakhand,5500.5,5390.5,4988.5,2.0406270290325574,10.263606294477299
2022-08-01,Andhra Pradesh,5698.0,5848.0,5051.0,-2.5649794801641588,12.809344684220946
2022-08-01,Chattisgarh,4143.0,4053.0,5036.0,2.220577350111029,-17.73232724384432
2022-08-01,Gujarat,6026.0,6205.0,6282.0,-2.8847703464947623,-4.075135307226998
2022-08-01,Karnataka,5824.0,5657.0,5324.0,2.952094749867421,9.391435011269722
2022-08-01,Madhya Pradesh,4926.0,4922.0,5324.0,0.08126777732629012,-7.475582268970698
2022-08-01,Maharashtra,5902.0,6160.0,5234.0,-4.188311688311688,12.762705387848683
2022-08-01,Manipur,5589.0,5500.5,5324.0,1.6089446413962367,4.977460555972953
2022-08-01,Nagaland,5589.0,5500.5,5324.0,1.6089446413962367,4.977460555972953
2022-08-01,Rajasthan,5480.0,5225.0,5696.0,4.8803827751196165,-3.7921348314606744
2022-08-01,Tamil Nadu,8535.0,8601.0,8401.0,-0.7673526334147193,1.5950482085466016
2022-08-01,Telangana,5407.0,5233.0,5293.0,3.3250525511179054,2.1537880219157377
2022-08-01,Uttar Pradesh,5329.0,5344.0,5416.0,-0.280688622754491,-1.606351550960118
2022-08-01,Uttrakhand,5589.0,5500.5,5324.0,1.6089446413962367,4.977460555972953
2022-09-01,Andhra Pradesh,5820.0,5698.0,5315.0,2.141102141102141,9.501411100658514
2022-09-01,Chattisgarh,4687.0,4143.0,4167.0,13.13058170407917,12.479001679865611
2022-09-01,Gujarat,6076.0,6026.0,5579.0,0.829737802854298,8.90840652446675
2022-09-01,Karnataka,5678.0,5824.0,5268.0,-2.506868131868132,7.782839787395596
2022-09-01,Madhya Pradesh,4407.0,4926.0,5100.0,-10.53593179049939,-13.588235294117649
2022-09-01,Maharashtra,5178.0,5902.0,5286.0,-12.267028126058962,-2.0431328036322363
2022-09-01,Manipur,5599.0,5589.0,5300.5,0.1789228842368939,5.631544193943967
2022-09-01,Nagaland,5599.0,5589.0,5300.5,0.1789228842368939,5.631544193943967
2022-09-01,Rajasthan,5599.0,5480.0,5652.0,2.1715328467153285,-0.937721160651097
2022-09-01,Tamil Nadu,8525.0,8535.0,8174.0,-0.11716461628588166,4.2941032542207
2022-09-01,Telangana,5274.0,5407.0,4775.0,-2.4597743665618643,10.450261780104713
2022-09-01,Uttar Pradesh,5371.0,5329.0,5487.0,0.7881403640457872,-2.114087843994897
2022-09-01,Uttrakhand,12963.0,5589.0,5300.5,131.93773483628556,144.56183378926517
2022-10-01,Andhra Pradesh,5309.0,5820.0,5239.0,-8.780068728522336,1.3361328497804925
2022-10-01,Chattisgarh,5155.0,4687.0,4047.0,9.985065073607851,27.378304917222636
2022-10-01,Gujarat,6386.0,6076.0,5492.0,5.1020408163265305,16.27822286962855
2022-10-01,Karnataka,5788.0,5678.0,5321.0,1.9373018668545263,8.776545762074798
2022-10-01,Madhya Pradesh,4946.0,4407.0,5174.0,12.230542319037895,-4.406648627754155
2022-10-01,Maharashtra,6393.0,5178.0,5651.0,23.464658169177287,13.13041939479738
2022-10-01,Manipur,5637.0,5599.0,5345.0,0.6786926236828005,5.463049579045838
2022-10-01,Nagaland,5637.0,5599.0,5345.0,0.6786926236828005,5.463049579045838
2022-10-01,Rajasthan,5637.0,5599.0,5538.0,0.6786926236828005,1.7876489707475622
2022-10-01,Tamil Nadu,8785.0,8525.0,8311.0,3.0498533724340176,5.703284803272771
2022-10-01,Telangana,5568.0,5274.0,5315.0,5.5745164960182025,4.7601128880526815
2022-10-01,Uttar Pradesh,5249.0,5371.0,5369.0,-2.2714578290821077,-2.2350530825107096
2022-10-01,Uttrakhand,8457.0,12963.0,5345.0,-34.76047211293682,58.22263797942002
2022-11-01,Andhra Pradesh,5459.0,5309.0,5232.0,2.8253908457336596,4.33868501529052
2022-11-01,Chattisgarh,4802.0,5155.0,4646.0,-6.847720659553831,3.3577270770555314
2022-11-01,Gujarat,6223.0,6386.0,5662.0,-2.5524585029752584,9.908159660897208
2022-11-01,Karnataka,6118.0,5788.0,5411.0,5.701451278507257,13.065976714100906
2022-11-01,Madhya Pradesh,4832.0,4946.0,4916.0,-2.3048928427011726,-1.7087062652563059
2022-11-01,Maharashtra,5602.0,6393.0,5679.0,-12.372907867980604,-1.3558725127663322
2022-11-01,Manipur,5602.0,5637.0,5403.0,-0.6208976405889658,3.6831389968536
2022-11-01,Nagaland,5602.0,5637.0,5403.0,-0.6208976405889658,3.6831389968536
2022-11-01,Rajasthan,5513.0,5637.0,5395.0,-2.1997516409437647,2.1872103799814644
2022-11-01,Tamil Nadu,8217.0,8785.0,7074.0,-6.465566306203756,16.157760814249365
2022-11-01,Telangana,6138.0,5568.0,5689.0,10.237068965517242,7.892423976094216
2022-11-01,Uttar Pradesh,5152.0,5249.0,5007.0,-1.8479710421032576,2.895945676053525
2022-11-01,Uttrakhand,8021.0,8457.0,5403.0,-5.15549249142722,48.454562280214695
2022-12-01,Andhra Pradesh,6020.0,5459.0,5066.0,10.276607437259571,18.831425187524676
2022-12-01,Chattisgarh,4640.0,4802.0,4958.0,-3.3735943356934612,-6.4138765631302945
2022-12-01,Gujarat,6266.0,6223.0,5605.0,0.6909850554394986,11.793041926851027
2022-12-01,Karnataka,6209.0,6118.0,5706.0,1.4874141876430207,8.81528215913074
2022-12-01,Madhya Pradesh,5315.0,4832.0,4885.0,9.995860927152318,8.802456499488228
2022-12-01,Maharashtra,3299.0,5602.0,6207.0,-41.110317743662975,-46.85033027227324
2022-12-01,Manipur,6043.0,5602.0,5413.5,7.872188504105676,11.628336565992427
2022-12-01,Nagaland,6043.0,5602.0,5413.5,7.872188504105676,11.628336565992427
2022-12-01,Rajasthan,6066.0,5513.0,5222.0,10.03083620533285,16.162389888931443
2022-12-01,Tamil Nadu,8740.0,8217.0,7853.0,6.364853352805159,11.29504647905259
2022-12-01,Telangana,7386.0,6138.0,6646.0,20.332355816226784,11.134517002708396
2022-12-01,Uttar Pradesh,5545.0,5152.0,5136.0,7.628105590062112,7.963395638629284
2022-12-01,Uttrakhand,6043.0,8021.0,5413.5,-24.660266799650916,11.628336565992427
2023-01-01,Andhra Pradesh,6518.0,6020.0,5316.0,8.272425249169435,22.610985703536493
2023-01-01,Chattisgarh,4740.0,4640.0,5303.0,2.1551724137931036,-10.616632095040544
2023-01-01,Gujarat,6580.0,6266.0,5482.0,5.011171401212895,20.029186428310837
2023-01-01,Karnataka,6817.0,6209.0,6027.0,9.7922370752134,13.107682097229137
2023-01-01,Madhya Pradesh,5790.0,5315.0,4657.0,8.936970837253057,24.328967146231477
2023-01-01,Maharashtra,6934.0,3299.0,5635.0,110.18490451652016,23.05235137533274
2023-01-01,Manipur,6619.0,6043.0,5399.0,9.531689558166475,22.59677718095944
2023-01-01,Nagaland,6619.0,6043.0,5399.0,9.531689558166475,22.59677718095944
2023-01-01,Rajasthan,6658.0,6066.0,5142.0,9.759314210352786,29.482691559704392
2023-01-01,Tamil Nadu,8148.0,8740.0,8084.0,-6.773455377574371,0.7916872835230084
2023-01-01,Telangana,7301.0,7386.0,6280.0,-1.150825886812889,16.25796178343949
2023-01-01,Uttar Pradesh,5998.0,5545.0,5207.0,8.169522091974752,15.191088918763205
2023-01-01,Uttrakhand,6619.0,6043.0,5399.0,9.531689558166475,22.59677718095944
2023-02-01,Andhra Pradesh,6724.0,6518.0,5256.0,3.160478674440012,27.92998477929985
2023-02-01,Chattisgarh,6000.0,4740.0,4132.0,26.582278481012654,45.2081316553727
2023-02-01,Gujarat,6659.0,6580.0,5369.0,1.2006079027355623,24.026820636990127
2023-02-01,Karnataka,6778.0,6817.0,5816.0,-0.5720991638550682,16.540577716643742
2023-02-01,Madhya Pradesh,6271.0,5790.0,4649.0,8.307426597582038,34.88922348892235
2023-02-01,Maharashtra,6734.0,6934.0,5443.0,-2.884338044418806,23.718537571192357
2023-02-01,Manipur,6691.5,6619.0,5312.5,1.0953316210907993,25.95764705882353
2023-02-01,Nagaland,6691.5,6619.0,5312.5,1.0953316210907993,25.95764705882353
2023-02-01,Rajasthan,6502.0,6658.0,5195.0,-2.3430459597476716,25.15880654475457
2023-02-01,Tamil Nadu,9509.0,8148.0,8144.0,16.703485517918505,16.76080550098232
2023-02-01,Telangana,7348.0,7301.0,6050.0,0.6437474318586495,21.454545454545453
2023-02-01,Uttar Pradesh,6222.0,5998.0,5099.0,3.7345781927309107,22.02392626005099
2023-02-01,Uttrakhand,6691.5,6619.0,5312.5,1.0953316210907993,25.95764705882353
2023-03-01,Andhra Pradesh,6381.0,6724.0,5436.0,-5.101130279595479,17.3841059602649
2023-03-01,Chattisgarh,4834.0,6000.0,4080.0,-19.433333333333334,18.480392156862745
2023-03-01,Gujarat,6794.0,6659.0,6018.0,2.0273314311458175,12.8946493851778
2023-03-01,Karnataka,6213.0,6778.0,5961.0,-8.33579226910593,4.227478610971314
2023-03-01,Madhya Pradesh,6016.0,6271.0,4916.0,-4.066337107319407,22.375915378356385
2023-03-01,Maharashtra,5687.0,6734.0,5581.0,-15.547965547965548,1.8993012005017023
2023-03-01,Manipur,6381.0,6691.5,5611.0,-4.640215198386012,13.723044020673678
2023-03-01,Nagaland,6381.0,6691.5,5611.0,-4.640215198386012,13.723044020673678
2023-03-01,Rajasthan,6770.0,6502.0,5641.0,4.121808674254076,20.01418188264492
2023-03-01,Tamil Nadu,9931.0,9509.0,8769.0,4.437900935955411,13.251225909453757
2023-03-01,Telangana,6539.0,7348.0,6012.0,-11.009798584648884,8.765801729873585
2023-03-01,Uttar Pradesh,6235.0,6222.0,5258.0,0.20893603342976536,18.581209585393683
2023-03-01,Uttrakhand,13262.0,6691.5,5611.0,98.19173578420384,136.35715558723936
2023-04-01,Andhra Pradesh,6586.0,6381.0,5295.0,3.2126625920702083,24.381491973559964
2023-04-01,Chattisgarh,2390.0,4834.0,4767.0,-50.558543649151844,-49.86364589888819
2023-04-01,Gujarat,7074.0,6794.0,6185.0,4.121283485428319,14.373484236054972
2023-04-01,Karnataka,5999.0,6213.0,5664.0,-3.4443907934975053,5.91454802259887
2023-04-01,Madhya Pradesh,5861.0,6016.0,4819.0,-2.576462765957447,21.622743307740194
2023-04-01,Maharashtra,5941.0,5687.0,5309.0,4.466326710040444,11.904313430024487
2023-04-01,Manipur,6276.5,6381.0,5401.5,-1.6376743457138379,16.199203924835697
2023-04-01,Nagaland,6276.5,6381.0,5401.5,-1.6376743457138379,16.199203924835697
2023-04-01,Rajasthan,6625.0,6770.0,5828.0,-2.1418020679468244,13.675360329444064
2023-04-01,Tamil Nadu,9278.0,9931.0,8099.0,-6.57537005336824,14.55735275959995
2023-04-01,Telangana,6494.0,6539.0,5494.0,-0.6881786205841872,18.201674554058975
2023-04-01,Uttar Pradesh,6059.0,6235.0,5296.0,-2.822774659182037,14.407099697885196
2023-04-01,Uttrakhand,6276.5,13262.0,5401.5,-52.67305082189715,16.199203924835697
2023-05-01,Andhra Pradesh,6727.0,6586.0,5344.0,2.1409049498937143,25.879491017964074
2023-05-01,Chattisgarh,4682.0,2390.0,3717.0,95.89958158995816,25.961797148237824
2023-05-01,Gujarat,6903.0,7074.0,6164.0,-2.4173027989821882,11.988968202465932
2023-05-01,Karnataka,6184.0,5999.0,5485.0,3.083847307884647,12.743846855059251
2023-05-01,Madhya Pradesh,6045.0,5861.0,4788.0,3.139396007507252,26.2531328320802
2023-05-01,Maharashtra,5964.0,5941.0,5271.0,0.3871402120855075,13.147410358565736
2023-05-01,Manipur,6523.0,6276.5,5414.5,3.9273480442922013,20.47280450641795
2023-05-01,Nagaland,6523.0,6276.5,5414.5,3.9273480442922013,20.47280450641795
2023-05-01,Rajasthan,6919.0,6625.0,5623.0,4.437735849056604,23.04819491374711
2023-05-01,Tamil Nadu,7030.0,9278.0,7186.0,-24.22935977581375,-2.170887837461731
2023-05-01,Telangana,6523.0,6494.0,5552.0,0.4465660609793655,17.489193083573486
2023-05-01,Uttar Pradesh,6196.0,6059.0,5259.0,2.261099191285691,17.817075489636814
2023-05-01,Uttrakhand,13333.0,6276.5,5414.5,112.42730821317612,146.2461907840059
2023-06-01,Andhra Pradesh,6771.0,6727.0,5485.0,0.6540805708339527,23.445761166818595
2023-06-01,Chattisgarh,4681.0,4682.0,3899.0,-0.021358393848782572,20.05642472428828
2023-06-01,Gujarat,7008.0,6903.0,6287.0,1.521077792264233,11.468108795928107
2023-06-01,Karnataka,6217.0,6184.0,5358.0,0.5336351875808538,16.032101530421798
2023-06-01,Madhya Pradesh,5644.0,6045.0,4850.0,-6.63358147229115,16.37113402061856
2023-06-01,Maharashtra,6075.0,5964.0,5423.0,1.8611670020120725,12.022865572561313
2023-06-01,Manipur,6368.0,6523.0,5390.5,-2.376207266595125,18.13375382617568
2023-06-01,Nagaland,6368.0,6523.0,5390.5,-2.376207266595125,18.13375382617568
2023-06-01,Rajasthan,6368.0,6919.0,5246.0,-7.963578551813846,21.387723980175373
2023-06-01,Tamil Nadu,7667.0,7030.0,8035.0,9.061166429587482,-4.579962663347853
2023-06-01,Telangana,6372.0,6523.0,5167.0,-2.314885788747509,23.32107605960906
2023-06-01,Uttar Pradesh,5959.0,6196.0,5542.0,-3.825048418334409,7.5243594370263445
2023-06-01,Uttrakhand,12710.0,13333.0,5390.5,-4.672616815420386,135.78517762730732
2023-07-01,Andhra Pradesh,6690.0,6771.0,5848.0,-1.1962782454585734,14.398084815321477
2023-07-01,Chattisgarh,4878.0,4681.0,4053.0,4.208502456740012,20.355292376017765
2023-07-01,Gujarat,7308.0,7008.0,6205.0,4.280821917808219,17.775987107171638
2023-07-01,Karnataka,6374.0,6217.0,5657.0,2.525333762264758,12.674562488951741
2023-07-01,Madhya Pradesh,6048.0,5644.0,4922.0,7.158043940467754,22.87687931735067
2023-07-01,Maharashtra,7333.0,6075.0,6160.0,20.707818930041153,19.04220779220779
2023-07-01,Manipur,6375.0,6368.0,5500.5,0.1099246231155779,15.89855467684756
2023-07-01,Nagaland,6375.0,6368.0,5500.5,0.1099246231155779,15.89855467684756
2023-07-01,Rajasthan,6375.0,6368.0,5225.0,0.1099246231155779,22.00956937799043
2023-07-01,Tamil Nadu,8817.0,7667.0,8601.0,14.999347854441112,2.511335891175445
2023-07-01,Telangana,5690.0,6372.0,5233.0,-10.703075957313246,8.733040321039557
2023-07-01,Uttar Pradesh,6360.0,5959.0,5344.0,6.729316999496559,19.01197604790419
2023-07-01,Uttrakhand,13500.0,12710.0,5500.5,6.215578284815106,145.43223343332426
2023-08-01,Andhra Pradesh,7186.0,6690.0,5698.0,7.414050822122571,26.114426114426116
2023-08-01,Chattisgarh,4774.0,4878.0,4143.0,-2.132021320213202,15.230509292783006
2023-08-01,Gujarat,7317.0,7308.0,6026.0,0.12315270935960591,21.423830069697974
2023-08-01,Karnataka,6739.0,6374.0,5824.0,5.726388453090681,15.710851648351648
2023-08-01,Madhya Pradesh,5493.0,6048.0,4926.0,-9.1765873015873,11.510353227771011
2023-08-01,Maharashtra,7072.0,7333.0,5902.0,-3.5592526933042414,19.823788546255507
2023-08-01,Manipur,6667.5,6375.0,5589.0,4.588235294117647,19.296833064949006
2023-08-01,Nagaland,6667.5,6375.0,5589.0,4.588235294117647,19.296833064949006
2023-08-01,Rajasthan,6596.0,6375.0,5480.0,3.4666666666666663,20.364963503649637
2023-08-01,Tamil Nadu,8400.0,8817.0,8535.0,-4.729499829874107,-1.5817223198594026
2023-08-01,Telangana,5917.0,5690.0,5407.0,3.9894551845342705,9.432217495838728
2023-08-01,Uttar Pradesh,6105.0,6360.0,5329.0,-4.009433962264151,14.561831488084067
2023-08-01,Uttrakhand,6667.5,13500.0,5589.0,-50.61111111111111,19.296833064949006
2023-09-01,Andhra Pradesh,7246.0,7186.0,5820.0,0.8349568605622042,24.501718213058417
2023-09-01,Chattisgarh,4367.0,4774.0,4687.0,-8.525345622119817,-6.827394922125027
2023-09-01,Gujarat,6730.0,7317.0,6076.0,-8.022413557468907,10.76366030283081
2023-09-01,Karnataka,6422.0,6739.0,5678.0,-4.7039620121679775,13.103205353997888
2023-09-01,Madhya Pradesh,977.0,5493.0,4407.0,-82.21372656107773,-77.83072384842296
2023-09-01,Maharashtra,5570.0,7072.0,5178.0,-21.238687782805428,7.570490536886829
2023-09-01,Manipur,6359.0,6667.5,5599.0,-4.626921634795651,13.573852473656009
2023-09-01,Nagaland,6359.0,6667.5,5599.0,-4.626921634795651,13.573852473656009
2023-09-01,Rajasthan,6122.0,6596.0,5599.0,-7.186173438447543,9.340953741739597
2023-09-01,Tamil Nadu,8549.0,8400.0,8525.0,1.7738095238095237,0.281524926686217
2023-09-01,Telangana,5606.0,5917.0,5274.0,-5.2560419131316545,6.2950322335987865
2023-09-01,Uttar Pradesh,6359.0,6105.0,5371.0,4.160524160524161,18.395084714205918
2023-09-01,Uttrakhand,10071.0,6667.5,12963.0,51.04611923509561,-22.30965054385559
2023-10-01,Andhra Pradesh,6624.0,7246.0,5309.0,-8.584046370411262,24.76925974759842
2023-10-01,Chattisgarh,5283.0,4367.0,5155.0,20.975498053583696,2.483026188166828
2023-10-01,Gujarat,6570.0,6730.0,6386.0,-2.37741456166419,2.8813028499843405
2023-10-01,Karnataka,6508.0,6422.0,5788.0,1.339146683276238,12.43953006219765
2023-10-01,Madhya Pradesh,4963.0,977.0,4946.0,407.98362333674515,0.34371209057824503
2023-10-01,Maharashtra,7038.0,5570.0,6393.0,26.355475763016155,10.089160018770531
2023-10-01,Manipur,6508.0,6359.0,5637.0,2.3431357131624466,15.451481284371118
2023-10-01,Nagaland,6508.0,6359.0,5637.0,2.3431357131624466,15.451481284371118
2023-10-01,Rajasthan,5886.0,6122.0,5637.0,-3.8549493629532834,4.417243214475785
2023-10-01,Tamil Nadu,8228.0,8549.0,8785.0,-3.7548251257457013,-6.340352874217416
2023-10-01,Telangana,5478.0,5606.0,5568.0,-2.2832679272208347,-1.6163793103448276
2023-10-01,Uttar Pradesh,6275.0,6359.0,5249.0,-1.320962415474131,19.546580301009715
2023-10-01,Uttrakhand,9325.0,10071.0,8457.0,-7.4074074074074066,10.263686886602814
2023-11-01,Andhra Pradesh,6795.0,6624.0,5459.0,2.5815217391304346,24.473346766807108
2023-11-01,Chattisgarh,4583.0,5283.0,4802.0,-13.250047321597577,-4.5605997501041236
2023-11-01,Gujarat,6494.0,6570.0,6223.0,-1.156773211567732,4.354812791258236
2023-11-01,Karnataka,6409.0,6508.0,6118.0,-1.5212046711739398,4.756456358287022
2023-11-01,Madhya Pradesh,5371.0,4963.0,4832.0,8.220834172879307,11.15480132450331
2023-11-01,Maharashtra,6534.0,7038.0,5602.0,-7.161125319693094,16.636915387361658
2023-11-01,Manipur,6494.0,6508.0,5602.0,-0.21511985248924403,15.922884684041414
2023-11-01,Nagaland,6494.0,6508.0,5602.0,-0.21511985248924403,15.922884684041414
2023-11-01,Rajasthan,6091.0,5886.0,5513.0,3.4828406388039412,10.484309813168874
2023-11-01,Tamil Nadu,6768.0,8228.0,8217.0,-17.744287797763732,-17.634173055859804
2023-11-01,Telangana,6590.0,5478.0,6138.0,20.299379335523916,7.363962202671879
2023-11-01,Uttar Pradesh,6293.0,6275.0,5152.0,0.2868525896414343,22.146739130434785
2023-11-01,Uttrakhand,9594.0,9325.0,8021.0,2.8847184986595176,19.611021069692057
2023-12-01,Andhra Pradesh,6712.0,6795.0,6020.0,-1.2214863870493011,11.495016611295682
2023-12-01,Chattisgarh,5688.0,4583.0,4640.0,24.110844425049095,22.586206896551726
2023-12-01,Gujarat,6592.0,6494.0,6266.0,1.509085309516477,5.202681136291095
2023-12-01,Karnataka,6236.0,6409.0,6209.0,-2.6993290684974256,0.43485263327427925
2023-12-01,Madhya Pradesh,5685.0,5371.0,5315.0,5.8462111338670635,6.9614299153339605
2023-12-01,Maharashtra,6887.0,6534.0,3299.0,5.402509947964494,108.76023037284025
2023-12-01,Manipur,6592.0,6494.0,6043.0,1.509085309516477,9.08489161012742
2023-12-01,Nagaland,6592.0,6494.0,6043.0,1.509085309516477,9.08489161012742
2023-12-01,Rajasthan,6081.0,6091.0,6066.0,-0.16417665407978985,0.2472799208704253
2023-12-01,Tamil Nadu,8563.0,6768.0,8740.0,26.521867612293143,-2.025171624713959
2023-12-01,Telangana,7040.0,6590.0,7386.0,6.828528072837632,-4.684538315732468
2023-12-01,Uttar Pradesh,5996.0,6293.0,5545.0,-4.719529636103608,8.133453561767357
2023-12-01,Uttrakhand,7103.0,9594.0,6043.0,-25.964144256827183,17.540956478570248
2024-01-01,Andhra Pradesh,6752.0,6712.0,6518.0,0.5959475566150179,3.5900583000920525
2024-01-01,Chattisgarh,8437.0,5688.0,4740.0,48.329817158931085,77.9957805907173
2024-01-01,Gujarat,6513.0,6592.0,6580.0,-1.1984223300970873,-1.0182370820668691
2024-01-01,Karnataka,6625.0,6236.0,6817.0,6.237973059653624,-2.81648819128649
2024-01-01,Madhya Pradesh,8774.0,5685.0,5790.0,54.335971855760775,51.5371329879102
2024-01-01,Maharashtra,6594.0,6887.0,6934.0,-4.254392333381734,-4.90337467551197
2024-01-01,Manipur,6752.0,6592.0,6619.0,2.4271844660194173,2.0093669738631212
2024-01-01,Nagaland,6752.0,6592.0,6619.0,2.4271844660194173,2.0093669738631212
2024-01-01,Rajasthan,5541.0,6081.0,6658.0,-8.880118401578688,-16.776809852808654
2024-01-01,Tamil Nadu,8317.0,8563.0,8148.0,-2.872824944528787,2.074128620520373
2024-01-01,Telangana,6826.0,7040.0,7301.0,-3.0397727272727275,-6.50595808793316
2024-01-01,Uttar Pradesh,5926.0,5996.0,5998.0,-1.1674449633088726,-1.2004001333777925
2024-01-01,Uttrakhand,7273.0,7103.0,6619.0,2.3933549204561455,9.880646623357002
2024-02-01,Andhra Pradesh,6647.0,6752.0,6724.0,-1.5550947867298577,-1.1451516954193932
2024-02-01,Chattisgarh,4925.0,8437.0,6000.0,-41.62617043972976,-17.916666666666668
2024-02-01,Gujarat,6138.0,6513.0,6659.0,-5.757715338553663,-7.823997597236822
2024-02-01,Karnataka,6351.0,6625.0,6778.0,-4.1358490566037736,-6.299793449395103
2024-02-01,Madhya Pradesh,5039.0,8774.0,6271.0,-42.56895372692044,-19.645989475362782
2024-02-01,Maharashtra,5474.0,6594.0,6734.0,-16.985138004246284,-18.711018711018713
2024-02-01,Manipur,6138.0,6752.0,6691.5,-9.093601895734597,-8.271687962340282
2024-02-01,Nagaland,6138.0,6752.0,6691.5,-9.093601895734597,-8.271687962340282
2024-02-01,Rajasthan,5255.0,5541.0,6502.0,-5.16152319075979,-19.178714241771765
2024-02-01,Tamil Nadu,8907.0,8317.0,9509.0,7.093904051941806,-6.330844463140182
2024-02-01,Telangana,6647.0,6826.0,7348.0,-2.622326399062408,-9.540010887316276
2024-02-01,Uttar Pradesh,5688.0,5926.0,6222.0,-4.016199797502532,-8.5824493731919
2024-02-01,Uttrakhand,6377.0,7273.0,6691.5,-12.319538017324351,-4.699992527833819
2024-03-01,Andhra Pradesh,6511.0,6647.0,6381.0,-2.0460358056265986,2.037298229117693
2024-03-01,Chattisgarh,5317.0,4925.0,4834.0,7.959390862944163,9.991725279271826
2024-03-01,Gujarat,6214.0,6138.0,6794.0,1.2381883349625284,-8.536944362672946
2024-03-01,Karnataka,6343.0,6351.0,6213.0,-0.1259644150527476,2.0923869306293255
2024-03-01,Madhya Pradesh,5228.0,5039.0,6016.0,3.750744195276841,-13.09840425531915
2024-03-01,Maharashtra,5716.0,5474.0,5687.0,4.420898794300329,0.5099349393353262
2024-03-01,Manipur,5965.0,6138.0,6381.0,-2.8185076572173346,-6.519354333176618
2024-03-01,Nagaland,5965.0,6138.0,6381.0,-2.8185076572173346,-6.519354333176618
2024-03-01,Rajasthan,5277.0,5255.0,6770.0,0.41864890580399616,-22.053175775480057
2024-03-01,Tamil Nadu,8987.0,8907.0,9931.0,0.8981699786684629,-9.505588561071393
2024-03-01,Telangana,6385.0,6647.0,6539.0,-3.941627802015947,-2.3551001682214405
2024-03-01,Uttar Pradesh,5453.0,5688.0,6235.0,-4.1315049226441625,-12.542101042502004
2024-03-01,Uttrakhand,5965.0,6377.0,13262.0,-6.460718206053002,-55.02186698838788
2024-04-01,Andhra Pradesh,6437.0,6511.0,6586.0,-1.1365381661803102,-2.2623747342848466
2024-04-01,Chattisgarh,5456.0,5317.0,2390.0,2.6142561594884333,128.2845188284519
2024-04-01,Gujarat,6174.0,6214.0,7074.0,-0.6437077566784679,-12.72264631043257
2024-04-01,Karnataka,6324.0,6343.0,5999.0,-0.29954280309002046,5.4175695949324885
2024-04-01,Madhya Pradesh,5597.0,5228.0,5861.0,7.058148431522571,-4.504350793379969
2024-04-01,Maharashtra,5429.0,5716.0,5941.0,-5.0209937018894335,-8.61807776468608
2024-04-01,Manipur,5890.0,5965.0,6276.5,-1.2573344509639564,-6.157890544093045
2024-04-01,Nagaland,5890.0,5965.0,6276.5,-1.2573344509639564,-6.157890544093045
2024-04-01,Rajasthan,5676.0,5277.0,6625.0,7.5611142694712905,-14.324528301886794
2024-04-01,Tamil Nadu,8139.0,8987.0,9278.0,-9.435851785912986,-12.276352662211684
2024-04-01,Telangana,6104.0,6385.0,6494.0,-4.400939702427564,-6.00554357868802
2024-04-01,Uttar Pradesh,5392.0,5453.0,6059.0,-1.1186502842472035,-11.008417230566101
2024-04-01,Uttrakhand,5890.0,5965.0,6276.5,-1.2573344509639564,-6.157890544093045
2024-05-01,Andhra Pradesh,6423.0,6437.0,6727.0,-0.21749262078608048,-4.519102125761855
2024-05-01,Chattisgarh,4145.0,5456.0,4682.0,-24.02859237536657,-11.469457496796242
2024-05-01,Gujarat,6227.0,6174.0,6903.0,0.8584386135406543,-9.792843691148775
2024-05-01,Karnataka,6264.0,6324.0,6184.0,-0.9487666034155597,1.29366106080207
2024-05-01,Madhya Pradesh,5968.0,5597.0,6045.0,6.628551009469359,-1.2737799834574028
2024-05-01,Maharashtra,5572.0,5429.0,5964.0,2.6340025787437833,-6.572769953051644
2024-05-01,Manipur,6001.5,5890.0,6523.0,1.8930390492359932,-7.994787674382953
2024-05-01,Nagaland,6001.5,5890.0,6523.0,1.8930390492359932,-7.994787674382953
2024-05-01,Rajasthan,6035.0,5676.0,6919.0,6.3248766737138835,-12.776412776412776
2024-05-01,Tamil Nadu,8083.0,8139.0,7030.0,-0.6880452143998035,14.978662873399715
2024-05-01,Telangana,5815.0,6104.0,6523.0,-4.734600262123198,-10.853901579028054
2024-05-01,Uttar Pradesh,5438.0,5392.0,6196.0,0.8531157270029673,-12.23369916074887
2024-05-01,Uttrakhand,6001.5,5890.0,13333.0,1.8930390492359932,-54.98762469061727
2024-06-01,Andhra Pradesh,5947.0,6423.0,6771.0,-7.410867196014323,-12.169546595776104
2024-06-01,Chattisgarh,4368.0,4145.0,4681.0,5.379975874547648,-6.686605426190985
2024-06-01,Gujarat,6265.0,6227.0,7008.0,0.6102457041914244,-10.60216894977169
2024-06-01,Karnataka,6041.0,6264.0,6217.0,-3.5600255427841634,-2.83094740228406
2024-06-01,Madhya Pradesh,5738.0,5968.0,5644.0,-3.8538873994638068,1.6654854712969525
2024-06-01,Maharashtra,5656.0,5572.0,6075.0,1.507537688442211,-6.897119341563786
2024-06-01,Manipur,5702.5,6001.5,6368.0,-4.982087811380488,-10.45069095477387
2024-06-01,Nagaland,5702.5,6001.5,6368.0,-4.982087811380488,-10.45069095477387
2024-06-01,Rajasthan,4937.0,6035.0,6368.0,-18.19386909693455,-22.47173366834171
2024-06-01,Tamil Nadu,8244.0,8083.0,7667.0,1.9918347148336013,7.525759749576105
2024-06-01,Telangana,5492.0,5815.0,6372.0,-5.554600171969046,-13.810420590081607
2024-06-01,Uttar Pradesh,5667.0,5438.0,5959.0,4.211107024641413,-4.900151032052358
2024-06-01,Uttrakhand,5702.5,6001.5,12710.0,-4.982087811380488,-55.133752950432736
2024-07-01,Andhra Pradesh,6385.0,5947.0,6690.0,7.3650580124432485,-4.559043348281016
2024-07-01,Chattisgarh,4652.0,4368.0,4878.0,6.501831501831503,-4.633046330463304
2024-07-01,Gujarat,6277.0,6265.0,7308.0,0.19154030327214686,-14.107827038861522
2024-07-01,Karnataka,5746.0,6041.0,6374.0,-4.883297467306737,-9.852525886413554
2024-07-01,Madhya Pradesh,5334.0,5738.0,6048.0,-7.040780759846636,-11.805555555555555
2024-07-01,Maharashtra,6248.0,5656.0,7333.0,10.466760961810467,-14.796127096686213
2024-07-01,Manipur,5540.0,5702.5,6375.0,-2.8496273564226215,-13.098039215686274
2024-07-01,Nagaland,5540.0,5702.5,6375.0,-2.8496273564226215,-13.098039215686274
2024-07-01,Rajasthan,4189.0,4937.0,6375.0,-15.150901357099453,-34.29019607843137
2024-07-01,Tamil Nadu,8149.0,8244.0,8817.0,-1.1523532265890344,-7.576273108767155
2024-07-01,Telangana,4668.0,5492.0,5690.0,-15.003641660597234,-17.96133567662566
2024-07-01,Uttar Pradesh,5311.0,5667.0,6360.0,-6.281983412740427,-16.4937106918239
2024-07-01,Uttrakhand,5540.0,5702.5,13500.0,-2.8496273564226215,-58.96296296296296
2024-08-01,Andhra Pradesh,6541.0,6385.0,7186.0,2.4432263116679716,-8.975786251043697
2024-08-01,Chattisgarh,4145.0,4652.0,4774.0,-10.89853826311264,-13.17553414327608
2024-08-01,Gujarat,5715.0,6277.0,7317.0,-8.95332165046997,-21.894218942189422
2024-08-01,Karnataka,5598.0,5746.0,6739.0,-2.575704838148277,-16.931295444427956
2024-08-01,Madhya Pradesh,5173.0,5334.0,5493.0,-3.0183727034120733,-5.825596213362461
2024-08-01,Maharashtra,5703.0,6248.0,7072.0,-8.72279129321383,-19.358031674208146
2024-08-01,Manipur,5385.5,5540.0,6667.5,-2.788808664259928,-19.227596550431198
2024-08-01,Nagaland,5385.5,5540.0,6667.5,-2.788808664259928,-19.227596550431198
2024-08-01,Rajasthan,4429.0,4189.0,6596.0,5.72929100023872,-32.85324439053972
2024-08-01,Tamil Nadu,8458.0,8149.0,8400.0,3.7918763038409624,0.6904761904761905
2024-08-01,Telangana,4682.0,4668.0,5917.0,0.29991431019708653,-20.872063545715736
2024-08-01,Uttar Pradesh,4839.0,5311.0,6105.0,-8.8872152137074,-20.737100737100736
2024-08-01,Uttrakhand,5385.5,5540.0,6667.5,-2.788808664259928,-19.227596550431198
2024-09-01,Andhra Pradesh,6480.0,6541.0,7246.0,-0.9325791163430668,-10.57134971018493
2024-09-01,Chattisgarh,5894.0,4145.0,4367.0,42.19541616405307,34.96679642775361
2024-09-01,Gujarat,5676.0,5715.0,6730.0,-0.6824146981627297,-15.661218424962852
2024-09-01,Karnataka,5672.0,5598.0,6422.0,1.321900678813862,-11.678604796013703
2024-09-01,Madhya Pradesh,5681.0,5173.0,977.0,9.820220375024164,481.47389969293755
2024-09-01,Maharashtra,5600.0,5703.0,5570.0,-1.8060669822900228,0.5385996409335727
2024-09-01,Manipur,5672.0,5385.5,6359.0,5.319840311948751,-10.803585469413429
2024-09-01,Nagaland,5672.0,5385.5,6359.0,5.319840311948751,-10.803585469413429
2024-09-01,Rajasthan,4667.0,4429.0,6122.0,5.373673515466245,-23.766742894478927
2024-09-01,Tamil Nadu,6543.0,8458.0,8549.0,-22.641286356112555,-23.464732717276874
2024-09-01,Telangana,4233.0,4682.0,5606.0,-9.589918838103374,-24.491616125579736
2024-09-01,Uttar Pradesh,4863.0,4839.0,6359.0,0.49597024178549287,-23.52571158987262
2024-09-01,Uttrakhand,4036.0,5385.5,10071.0,-25.05802618141305,-59.924535795849465
2024-10-01,Andhra Pradesh,6129.0,6480.0,6624.0,-5.416666666666667,-7.4728260869565215
2024-10-01,Chattisgarh,5855.0,5894.0,5283.0,-0.661689854088904,10.827181525648307
2024-10-01,Gujarat,5692.0,5676.0,6570.0,0.28188865398167723,-13.363774733637749
2024-10-01,Karnataka,5423.0,5672.0,6508.0,-4.389985895627644,-16.67178856791641
2024-10-01,Madhya Pradesh,4768.0,5681.0,4963.0,-16.071114240450623,-3.929075156155551
2024-10-01,Maharashtra,5354.0,5600.0,7038.0,-4.392857142857142,-23.92725206024439
2024-10-01,Manipur,5575.0,5672.0,6508.0,-1.7101551480959098,-14.33620159803319
2024-10-01,Nagaland,5575.0,5672.0,6508.0,-1.7101551480959098,-14.33620159803319
2024-10-01,Rajasthan,5575.0,4667.0,5886.0,19.455753160488538,-5.283724091063541
2024-10-01,Tamil Nadu,6188.0,6543.0,8228.0,-5.425645728259208,-24.793388429752067
2024-10-01,Telangana,4656.0,4233.0,5478.0,9.992912827781716,-15.005476451259584
2024-10-01,Uttar Pradesh,4985.0,4863.0,6275.0,2.5087394612379192,-20.55776892430279
2024-10-01,Uttrakhand,6813.0,4036.0,9325.0,68.80574826560951,-26.93833780160858
2024-11-01,Andhra Pradesh,6171.0,6129.0,6795.0,0.6852667645619187,-9.183222958057396
2024-11-01,Chattisgarh,3687.0,5855.0,4583.0,-37.028181041844576,-19.550512764564694
2024-11-01,Gujarat,5612.0,5692.0,6494.0,-1.4054813773717498,-13.58176778564829
2024-11-01,Karnataka,5393.0,5423.0,6409.0,-0.5531993361607966,-15.852707130597596
2024-11-01,Madhya Pradesh,4346.0,4768.0,5371.0,-8.850671140939598,-19.083969465648856
2024-11-01,Maharashtra,5613.0,5354.0,6534.0,4.8375046694060515,-14.095500459136822
2024-11-01,Manipur,5502.5,5575.0,6494.0,-1.3004484304932735,-15.267939636587618
2024-11-01,Nagaland,5502.5,5575.0,6494.0,-1.3004484304932735,-15.267939636587618
2024-11-01,Rajasthan,5301.0,5575.0,6091.0,-4.914798206278027,-12.9699556723034
2024-11-01,Tamil Nadu,6238.0,6188.0,6768.0,0.808015513897867,-7.83096926713948
2024-11-01,Telangana,5893.0,4656.0,6590.0,26.56786941580756,-10.576631259484067
2024-11-01,Uttar Pradesh,4628.0,4985.0,6293.0,-7.16148445336008,-26.45796917209598
2024-11-01,Uttrakhand,5502.5,6813.0,9594.0,-19.23528548363423,-42.646445695226184
2024-12-01,Andhra Pradesh,5619.0,6171.0,6712.0,-8.945065629557607,-16.284266984505365
2024-12-01,Chattisgarh,4666.0,3687.0,5688.0,26.55275291564958,-17.967651195499297
2024-12-01,Gujarat,5537.0,5612.0,6592.0,-1.3364219529579473,-16.004247572815533
2024-12-01,Karnataka,5334.0,5393.0,6236.0,-1.094010754681995,-14.464400256574727
2024-12-01,Madhya Pradesh,4267.0,4346.0,5685.0,-1.8177634606534745,-24.94283201407212
2024-12-01,Maharashtra,5561.0,5613.0,6887.0,-0.9264208088366293,-19.253666327864092
2024-12-01,Manipur,5435.5,5502.5,6592.0,-1.2176283507496592,-17.543992718446603
2024-12-01,Nagaland,5435.5,5502.5,6592.0,-1.2176283507496592,-17.543992718446603
2024-12-01,Rajasthan,5146.0,5301.0,6081.0,-2.923976608187134,-15.375760565696432
2024-12-01,Tamil Nadu,6414.0,6238.0,8563.0,2.8214171208720744,-25.09634473899334
2024-12-01,Telangana,6205.0,5893.0,7040.0,5.294417105039878,-11.860795454545455
2024-12-01,Uttar Pradesh,4726.0,4628.0,5996.0,2.1175453759723424,-21.180787191460972
2024-12-01,Uttrakhand,5435.5,5502.5,7103.0,-1.2176283507496592,-23.47599605800366
